,run,epoch,f1-score
0,0,0,0.7858678955453149
1,0,1,0.8016755248812033
2,0,2,0.7897754540173272
3,0,3,0.7826739644498764
4,0,4,0.779918924992752
