,run,epoch,f1-score
0,0,0,0.8002937992886965
1,0,1,0.7864558781258983
2,0,2,0.7904849257304856
3,0,3,0.7870129870129869
4,0,4,0.7905439668877803
