,run,epoch,f1-score
0,0,0,0.8037929432885048
1,0,1,0.7999371258303491
2,0,2,0.7846437969409572
3,0,3,0.7905439668877803
4,0,4,0.7934940518611918
