,run,epoch,f1-score
0,0,0,0.8073341023617266
1,0,1,0.7978990018633809
2,0,2,0.7937365245987325
3,0,3,0.7867956096908044
4,0,4,0.7875546449714714
