,run,epoch,f1-score
0,0,0,0.8034085797243692
1,0,1,0.7995837907697438
2,0,2,0.7932085650414766
3,0,3,0.7880511755263904
4,0,4,0.7904849257304856
