,run,epoch,f1-score
0,0,0,0.798737384509073
1,0,1,0.7846449215738024
2,0,2,0.7858271417714702
3,0,3,0.787497971437845
4,0,4,0.7805213785602612
