,run,epoch,f1-score
0,0,0,0.7863069068217274
1,0,1,0.7911973532582431
2,0,2,0.7964441368346034
3,0,3,0.7935994246673858
4,0,4,0.7811016949152543
