,run,epoch,f1-score
0,0,0,0.8071733474779623
1,0,1,0.7929805139204815
2,0,2,0.787226526154474
3,0,3,0.7905439668877803
4,0,4,0.7904849257304856
