,run,epoch,f1-score
0,0,0,0.8061133283445581
1,0,1,0.7959592115619134
2,0,2,0.7850821130434344
3,0,3,0.7834477601794575
4,0,4,0.7904849257304856
