,run,epoch,f1-score
0,0,0,0.8136363636363637
1,0,1,0.7938579926352562
2,0,2,0.7846437969409572
3,0,3,0.787497971437845
4,0,4,0.7845869847452126
